ID,Type,SKU,Name,Published,Is featured?,Visibility in catalog,Short description,Description,Date sale price starts,Date sale price ends,Tax status,Tax class,In stock?,Stock,Low stock amount,Backorders allowed?,Sold individually?,Weight (kg),Length (cm),Width (cm),Height (cm),Allow customer reviews?,Purchase note,Sale price,Regular price,Categories,Tags,Shipping class,Images,Download limit,Download expiry days,Parent,Grouped products,Upsells,Cross-sells,External URL,Button text,Position,Meta: _booking_min,Meta: _booking_max,Meta: _booking_dates,Meta: _booking_duration,Meta: _custom_booking_duration,Meta: _first_available_date,Meta: _booking_option,Meta: _yoast_wpseo_primary_product_cat,Meta: _yoast_wpseo_primary_wt_location,Meta: _yoast_wpseo_content_score,Meta: _wpb_vc_js_status,Meta: wt_duration,Meta: wt_type,Meta: wt_transport,Meta: wt_group_size,Meta: wt_accom_service,Meta: wt_adult_min,Meta: wt_adult_max,Meta: wt_child,Meta: wt_child_max,Meta: wt_infant,Meta: wt_infant_max,Meta: wt_layout,Meta: wt_sidebar,Meta: wt_layout_purpose,Attribute 1 name,Attribute 1 value(s),Attribute 1 visible,Attribute 1 global,Meta: _min_variation_price,Meta: _max_variation_price,Meta: _min_variation_regular_price,Meta: _max_variation_regular_price,Meta: _min_variation_sale_price,Meta: _max_variation_sale_price,Meta: wt_customdate,Meta: wt_child_sale,Meta: we_layout,Meta: _oembed_85388b2f5105a5b3f69e326036368fdc,Meta: _oembed_time_85388b2f5105a5b3f69e326036368fdc,Meta: wt_ctps1,Meta: wt_ctps1_max,Meta: wt_ctps2,Meta: def_stock,Meta: 2021_09_30,Meta: 2021_09_13,Meta: 2021_10_03,Meta: 2021_11_25,Meta: 2021_11_28,Meta: 2022_03_17,Meta: 2022_05_16,Meta: 2022_07_21,Meta: 2023_01_15,Meta: 2023_04_27,Attribute 2 name,Attribute 2 value(s),Attribute 2 visible,Attribute 2 global,Meta: _min_price_variation_id,Meta: _max_price_variation_id,Meta: _min_regular_price_variation_id,Meta: _max_regular_price_variation_id,Meta: wt_latitude_longitude,Meta: wt_disc_bo,Meta: classic-editor-remember,Meta: 2023_08_28_vaID_6716,Meta: 2022_11_30_vaID_6716,Meta: 2023_06_18_vaID_8457,Meta: wt_schedu,Meta: exwo_options,Meta: wt_start,Meta: wt_child_label,Meta: wt_infant_label,Meta: 2017_07_29,Meta: 2020_12_15,Meta: 2018_03_13,Meta: 2018_03_12,Meta: 2017_06_22,Meta: 2017_06_09,Meta: 2017_06_30,Meta: 2017_07_13,Meta: 2017_07_28,Meta: 2017_07_27,Meta: 2017_07_21,Meta: 2017_08_03,Meta: 2017_08_04,Meta: 2017_08_17,Meta: 2017_08_24,Meta: 2017_08_25,Meta: 2017_09_02,Meta: 2017_09_29,Meta: 2017_09_22,Meta: 2017_10_28,Meta: 2017_11_30,Meta: 2017_11_17,Meta: 2018_01_12,Meta: 2018_01_18,Meta: 2018_01_26,Meta: 2018_02_16,Meta: 2018_02_25,Meta: 2018_03_31,Meta: 2018_04_20,Meta: 2018_04_30,Meta: 2018_05_08,Meta: 2018_06_19,Meta: 2018_07_14,Meta: 2018_08_13,Meta: 2018_10_26,Meta: 2018_10_23,Meta: 2018_10_22,Meta: 2018_10_30,Meta: 2019_01_20,Meta: 2019_02_21,Meta: 2019_02_23,Meta: 2019_03_30,Meta: 2019_03_31,Meta: 2019_04_18,Meta: 2019_05_31,Meta: 2019_06_05,Meta: 2019_06_28,Meta: 2019_07_25,Meta: 2019_07_30,Meta: 2019_08_16,Meta: 2019_09_19,Meta: 2019_09_17,Meta: 2019_12_25,Meta: 2019_12_14,Meta: 2019_12_29,Meta: 2020_01_13,Meta: 2020_01_17,Meta: 2020_02_01,Meta: 2020_02_25,Meta: 2020_03_06,Meta: 2020_03_14,Meta: 2020_03_26,Meta: 2020_03_19,Meta: 2020_04_22,Meta: 2020_05_31,Meta: 2020_04_21,Meta: 2020_06_18,Meta: 2020_07_29,Meta: 2020_08_03,Meta: 2020_09_17,Meta: 2020_10_02,Meta: 2020_11_05,Meta: 2020_11_19,Meta: 2020_12_17,Meta: 2020_12_23,Meta: 2021_01_07,Meta: 2021_01_26,Meta: 2021_03_02,Meta: 2021_03_11,Meta: 2021_03_23,Meta: 2021_03_29,Meta: 2021_06_24,Meta: 2021_07_16,Meta: 2021_06_16,Meta: 2021_08_24,Meta: 2021_09_06,Meta: 2021_10_06,Meta: 2021_11_17,Meta: wt_disable_book,Meta: 2021_12_31,Meta: 2022_02_14,Meta: 2022_04_22,Meta: 2022_05_09,Meta: 2022_08_23,Meta: 2023_04_28,Meta: _child_price,Meta: _infant_price,Meta: _child_price_sale,Meta: _infant_price_sale,Meta: _ctfield1_price,Meta: _ctfield1_price_sale,Meta: _ctfield2_price,Meta: _ctfield2_price_sale,Download 1 ID,Download 1 name,Download 1 URL,Meta: 2017_11_24,Meta: 2016_11_27,Meta: 2017_11_25,Meta: 2017_11_23,Meta: 2018_03_14,Meta: 2018_04_15,Meta: 2018_09_20,Meta: 2019_06_29,Meta: 2020_02_29,Meta: 2019_09_30,Meta: 2020_03_22,Meta: 2020_04_30,Meta: 2020_08_29,Meta: 2020_10_30,Meta: 2022_04_30,Meta: 2017_07_18,Meta: 2017_07_12,Meta: 2017_08_16,Meta: 2017_09_28,Meta: 2017_10_31,Meta: 2017_11_13,Meta: 2017_12_26,Meta: 2018_02_10,Meta: 2018_09_28,Meta: 2018_02_20,Meta: wt_expired,Meta: 2020_11_25,Meta: 2020_11_21,Meta: 2020_11_16,Meta: wt_adress,Meta: wt_child_min,Meta: 2020_11_03,Meta: 2021_11_10,Meta: 2021_11_02,Meta: 2021_11_20,Meta: wt_disabledate,Meta: wt_infant_sale,Meta: 2023_11_02,Meta: 2017_06_01,Meta: 2017_05_26,Meta: 2017_05_25,Meta: _product_url,Meta: _button_text,Meta: 9152_def_stock,Meta: _vaID_9151,Meta: _vaID_9152,Meta: _vaID_9153,Meta: 2021_06_24_vaID_9151,Meta: 2021_06_14_vaID_9151,Meta: 2021_08_22_vaID_9152,Meta: 2021_09_13_vaID_9152,Meta: 2022_05_09_vaID_9153,Meta: 2022_06_27_vaID_9151,Meta: 2022_07_11_vaID_9151,Meta: 2022_08_28_vaID_9151,Meta: _vaID_9209,Meta: 2018_12_30_vaID_9209,Meta: 2019_04_25_vaID_9209,Meta: 2019_04_22_vaID_9209,Meta: 2019_05_12_vaID_9209,Meta: 2019_06_27_vaID_9209,Meta: 2019_07_14_vaID_9209,Meta: 2020_01_06_vaID_9209,Meta: 2020_03_26_vaID_9209,Meta: 2020_02_27_vaID_9209,Meta: 2020_03_16_vaID_9209,Meta: 2020_04_23_vaID_9209,Meta: 2020_05_07_vaID_9209,Meta: 2020_05_14_vaID_9209,Meta: 2020_05_11_vaID_9209,Meta: 2020_06_15_vaID_9209,Meta: 2020_06_29_vaID_9209,Meta: 2020_06_21_vaID_9209,Meta: 2020_06_25_vaID_9209,Meta: 2020_07_05_vaID_9209,Meta: 2021_03_01_vaID_9209,Meta: 2021_11_18_vaID_9209,Meta: 2021_11_25_vaID_9209,Meta: 2022_06_30_vaID_9209,Meta: 2022_08_25_vaID_9209,Meta: 2023_01_26_vaID_9209,Meta: 2022_04_21_vaID_13290,Meta: 2022_04_21_vaID_13289,Meta: 2022_10_27_vaID_13289,Meta: _min_adult,Meta: _max_adult
15,simple,,Los Angeles-Hollywood-Las Vegas- Hoover Dam,1,1,visible,"Pellentesque habitant morbi tristique senectus et netus et malesuada fames ac turpis egestas. Vestibulum tortor quam, feugiat vitae, ultricies eget, tempor sit amet, ante. Donec eu libero sit amet quam egestas semper. Aenean ultricies mi vitae est. Mauris placerat eleifend leo.","<img class=""alignnone wp-image-6601 size-full"" src=""http://exthemes.net/wootour/1683628567120/wp-content/uploads/2017/01/combine-harvester-pouring-grain-into-trailer-towed-by-tractor-picjumbo-com.jpg"" width=""1592"" height=""1061"" />Pellentesque habitant morbi tristique senectus et netus et malesuada fames ac turpis egestas. Vestibulum tortor quam, feugiat vitae, ultricies eget, tempor sit amet, ante. Donec eu libero sit amet quam egestas semper. Aenean ultricies mi vitae est. Mauris placerat eleifend leo.
\n
\nLorem ipsum dolor sit amet, consectetur adipiscing elit. Mauris pharetra placerat nisi, ac fringilla risus interdum a. In suscipit quam et mollis condimentum. Praesent facilisis, ante eget accumsan luctus, sem nunc tristique diam, a egestas orci leo ut urna. Pellentesque non turpis sed ex tempor imperdiet ut in felis. Suspendisse vel varius tortor. Integer vel ornare odio, quis commodo nisi. Nulla sollicitudin sapien a faucibus porttitor. Morbi quis sollicitudin erat, vitae aliquam neque. Aenean convallis et purus eu dapibus.
\n
\nAenean tempor mi vel augue tempor ullamcorper. Ut iaculis nisl sapien, vel lacinia nibh mollis ac. Curabitur ultrices elit lorem, a pharetra turpis faucibus in. Fusce ut tincidunt dui. Nunc magna massa, placerat vitae ullamcorper eget, finibus id ex. Etiam dictum nisi eu metus ullamcorper, nec hendrerit enim tempor. Cras fermentum purus lorem. Donec venenatis gravida tempus. Donec eget quam tincidunt lorem accumsan maximus sit amet ut turpis. Cum sociis natoque penatibus et magnis dis parturient montes, nascetur ridiculus mus.
\n
\nInteger eu lectus sem. Curabitur eget vehicula orci. Nullam vestibulum congue vestibulum. Proin id congue turpis. Pellentesque id ante quis lacus finibus sagittis. Proin auctor leo vitae turpis egestas pretium. Mauris gravida a dui nec ultricies. Sed dictum mollis ante vitae mollis. Cras auctor diam a scelerisque congue.
\n
\nSed suscipit elementum porta. Mauris lacinia nec mi ut cursus. Sed ultrices mauris imperdiet lorem tincidunt, sed rhoncus diam vehicula. Integer ante mauris, laoreet sit amet felis nec, aliquam iaculis eros. Phasellus consequat risus rutrum elit viverra, quis aliquet nunc malesuada. Etiam eu arcu aliquet, commodo sapien eget, laoreet libero. Nullam in lacinia nisi. Cras placerat imperdiet scelerisque. Donec sagittis dictum tellus suscipit laoreet. Ut varius ut nulla vitae ultrices. Proin pulvinar pharetra enim, in pellentesque lacus dignissim vel. Donec pellentesque hendrerit odio lobortis dignissim. Duis nec ligula quis enim sollicitudin tempor. Praesent viverra nunc convallis, commodo velit id, porta quam. Pellentesque habitant morbi tristique senectus et netus et malesuada fames ac turpis egestas.",,,taxable,,1,,,0,0,,,,,1,,,70,"Sport, Walking",WooTour,,,,,,,"id:22, id:34, NYPDW",,,,0,,,global,global,,,,,,30,FALSE,4 Days,Weekly Tour,"Plane, Taxi",Min 3 Max 12,"<i class=""fa fa-ticket""></i> Sighseeing tickets",0,7,10,4,12,3,layout-3,left,,,,,,,,,,,,,,,,,,,,,,,,,,,,,,,,,,,,,,,,,,,,,,,,,,,,,,,,,,,,,,,,,,,,,,,,,,,,,,,,,,,,,,,,,,,,,,,,,,,,,,,,,,,,,,,,,,,,,,,,,,,,,,,,,,,,,,,,,,,,,,,,,,,,,,,,,,,,,,,,,,,,,,,,,,,,,,,,,,,,,,,,,,,,,,,,,,,,,,,,,,,,,,,,,,,,,,,,,,,,,,,,,,,,,,,,,,,,,,,,,
19,simple,,Premium Quality,1,0,visible,"Pellentesque habitant morbi tristique senectus et netus et malesuada fames ac turpis egestas. Vestibulum tortor quam, feugiat vitae, ultricies eget, tempor sit amet, ante. Donec eu libero sit amet quam egestas semper. Aenean ultricies mi vitae est. Mauris placerat eleifend leo.","Pellentesque habitant morbi tristique senectus et netus et malesuada fames ac turpis egestas. Vestibulum tortor quam, feugiat vitae, ultricies eget, tempor sit amet, ante. Donec eu libero sit amet quam egestas semper. Aenean ultricies mi vitae est. Mauris placerat eleifend leo.
\n<iframe style=""border: 0;"" src=""https://www.google.com/maps/embed?pb=!1m18!1m12!1m3!1d472307.08900830644!2d113.84081156151458!3d22.35743716767508!2m3!1f0!2f0!3f0!3m2!1i1024!2i768!4f13.1!3m3!1m2!1s0x3403e2eda332980f%3A0xf08ab3badbeac97c!2zSOG7k25nIEvDtG5n!5e0!3m2!1svi!2s!4v1488726206765"" width=""600"" height=""450"" frameborder=""0"" allowfullscreen=""allowfullscreen""></iframe>",,,taxable,,1,,,0,0,,,,,1,,,2000,"Sport, Walking",WooTour,,,,,,,,,,,0,,,,,,,,,,30,FALSE,6 Days,Weekly Tour,"Plane, Boat, Taxi",Min 20 Max 40,"<i class=""fa fa-ticket text-blue""></i> Sighseeing tickets",,,OFF,,OFF,,,,woo,,,,,,,,,,,,,,,,,,,,,,,,,,,,,,,,,,,,,,,,,,,,,,,,,,,,,,,,,,,,,,,,,,,,,,,,,,,,,,,,,,,,,,,,,,,,,,,,,,,,,,,,,,,,,,,,,,,,,,,,,,,,,,,,,,,,,,,,,,,,,,,,,,,,,,,,,,,,,,,,,,,,,,,,,,,,,,,,,,,,,,,,,,,,,,,,,,,,,,,,,,,,,,,,,,,,,,,,,,,,,,,,,,,,,,,,,,,,,,,,
22,simple,,Japanese - HongKong - Hotel 3*,1,0,visible,Pellentesque habitant morbi tristique senectus.,"Pellentesque habitant morbi tristique senectus et netus et malesuada fames ac turpis egestas. Vestibulum tortor quam, feugiat vitae, ultricies eget, tempor sit amet, ante. Donec eu libero sit amet quam egestas semper. Aenean ultricies mi vitae est. Mauris placerat eleifend leo.
\n
\n<img class=""alignnone size-medium wp-image-6603"" src=""http://exthemes.net/wootour/1683628567120/wp-content/uploads/2017/01/empty-chair-ski-lift-on-bright-winter-day-picjumbo-com-300x200.jpg"" alt="""" width=""300"" height=""200"" />
\n
\nLorem ipsum dolor sit amet, consectetur adipiscing elit. Cras vulputate quam sapien, quis tempor est consectetur eget. Proin porttitor ultrices justo id varius. Aenean ac tortor id sem auctor tristique eu sed est. Morbi tincidunt nibh ex, non tincidunt diam viverra vel. Nam posuere arcu a eros rhoncus lobortis. Nulla facilisi. Duis dictum volutpat blandit. Phasellus id mattis nisl. Sed non sagittis orci, et feugiat neque. Pellentesque habitant morbi tristique senectus et netus et malesuada fames ac turpis egestas. Vivamus libero quam, scelerisque quis laoreet ac, sollicitudin dapibus ipsum. Integer ultricies sem dui, euismod mattis nibh euismod accumsan. Donec at pellentesque elit, eget interdum nibh. Praesent sed consequat tortor. <strong>Suspendisse sem tortor, molestie malesuada sollicitudin sit amet, imperdiet in ipsum.</strong>
\n
\n<strong>Curabitur nec purus sagittis, posuere</strong> ex ac, molestie sapien. Cras pretium dictum ornare. Nam suscipit mauris id felis condimentum laoreet. Nam non gravida quam, a posuere massa. Sed mollis sit amet eros et auctor. Vestibulum quis orci vel risus bibendum efficitur. Pellentesque velit nisi, congue eu lacinia vel, luctus tempus tellus. Phasellus aliquet velit arcu, et eleifend enim vestibulum ac. Aliquam nec ultrices enim, vitae varius mi. Quisque eu ex non odio ullamcorper posuere.",,,taxable,,1,,,0,0,,,,,1,,90,100,"Sport, Walking",WooTour,,,,,,,,,,,0,,,,,,,,,,30,TRUE,4 Days,,"Plane, Taxi",Min 3 Max 12,"<i class=""fa fa-bus""></i> Transport ",,8,OFF,,OFF,,,,def,color,"Black, Green",0,1,20,20,20,20,,,1703980800,,,,,,,,,,,,,,,,,,,,,,,,,,,,,,,,,,,,,,,,,,,,,,,,,,,,,,,,,,,,,,,,,,,,,,,,,,,,,,,,,,,,,,,,,,,,,,,,,,,,,,,,,,,,,,,,,,,,,,,,,,,,,,,,,,,,,,,,,,,,,,,,,,,,,,,,,,,,,,,,,,,,,,,,,,,,,,,,,,,,,,,,,,,,,,,,,,,,,,,,,,,,,,,,,,,,,,,,,,,,,,,,,,,,,
31,simple,,Ninja Silhouette,1,0,visible,"Pellentesque habitant morbi tristique senectus et netus et malesuada fames ac turpis egestas. Vestibulum tortor quam, feugiat vitae, ultricies eget, tempor sit amet, ante. Donec eu libero sit amet quam egestas semper. Aenean ultricies mi vitae est. Mauris placerat eleifend leo.","Pellentesque habitant morbi tristique senectus et netus et malesuada fames ac turpis egestas. Vestibulum tortor quam, feugiat vitae, ultricies eget, tempor sit amet, ante. Donec eu libero sit amet quam egestas semper. Aenean ultricies mi vitae est. Mauris placerat eleifend leo.
\n<img class=""alignnone wp-image-6598 size-full"" src=""http://exthemes.net/wootour/1683628567120/wp-content/uploads/2017/01/amazing-road-in-pure-nature-picjumbo-com.jpg"" width=""1592"" height=""1061"" />",,,taxable,,1,,,0,0,,,,,1,,,200,"Sport, Walking",WooTour,,,,,,,,"id:34, 778903",,,0,,,global,global,,,,,,60,TRUE,2 Days,Daily Tour,"Plane, Taxi",Min 3 Max 12,"<i class=""fa fa-ticket text-blue""></i> Sighseeing tickets",,,100,,0,,layout-3,,def,,,,,,,,,,,1656201600,50,,,,,,,,,,,,,,,,,,,,,,,,,,,,,,,,,,,,,,,,,,,,,,,,,,,,,,,,,,,,,,,,,,,,,,,,,,,,,,,,,,,,,,,,,,,,,,,,,,,,,,,,,,,,,,,,,,,,,,,,,,,,,,,,,,,,,,,,,,,,,,,,,,,,,,,,,,,,,,,,,,,,,,,,,,,,,,,,,,,,,,,,,,,,,,,,,,,,,,,,,,,,,,,,,,,,,,,,,,,,,,,,,,,,
34,simple,,Tour Hong Kong 4 days: Disney Land,1,0,visible,Pellentesque habitant morbi tristique senectus et netus et malesuada fames ac turpis egestas.,"https://www.youtube.com/watch?v=72__Mdioty8
\nPellentesque habitant morbi tristique senectus et netus et malesuada fames ac turpis egestas. Vestibulum tortor quam, feugiat vitae, ultricies eget, tempor sit amet, ante. Donec eu libero sit amet quam egestas semper. Aenean ultricies mi vitae est. Mauris placerat eleifend leo.
\n
\nLorem ipsum dolor sit amet, consectetur adipiscing elit. Mauris pharetra placerat nisi, ac fringilla risus interdum a. In suscipit quam et mollis condimentum. Praesent facilisis, ante eget accumsan luctus, sem nunc tristique diam, a egestas orci leo ut urna. Pellentesque non turpis sed ex tempor imperdiet ut in felis. Suspendisse vel varius tortor. Integer vel ornare odio, quis commodo nisi. Nulla sollicitudin sapien a faucibus porttitor. Morbi quis sollicitudin erat, vitae aliquam neque. Aenean convallis et purus eu dapibus.
\n
\nAenean tempor mi vel augue tempor ullamcorper. Ut iaculis nisl sapien, vel lacinia nibh mollis ac. Curabitur ultrices elit lorem, a pharetra turpis faucibus in. Fusce ut tincidunt dui. Nunc magna massa, placerat vitae ullamcorper eget, finibus id ex. Etiam dictum nisi eu metus ullamcorper, nec hendrerit enim tempor. Cras fermentum purus lorem. Donec venenatis gravida tempus. Donec eget quam tincidunt lorem accumsan maximus sit amet ut turpis. Cum sociis natoque penatibus et magnis dis parturient montes, nascetur ridiculus mus.
\n
\nInteger eu lectus sem. Curabitur eget vehicula orci. Nullam vestibulum congue vestibulum. Proin id congue turpis. Pellentesque id ante quis lacus finibus sagittis. Proin auctor leo vitae turpis egestas pretium. Mauris gravida a dui nec ultricies. Sed dictum mollis ante vitae mollis. Cras auctor diam a scelerisque congue.
\n
\nSed suscipit elementum porta. Mauris lacinia nec mi ut cursus. Sed ultrices mauris imperdiet lorem tincidunt, sed rhoncus diam vehicula. Integer ante mauris, laoreet sit amet felis nec, aliquam iaculis eros. Phasellus consequat risus rutrum elit viverra, quis aliquet nunc malesuada. Etiam eu arcu aliquet, commodo sapien eget, laoreet libero. Nullam in lacinia nisi. Cras placerat imperdiet scelerisque. Donec sagittis dictum tellus suscipit laoreet. Ut varius ut nulla vitae ultrices. Proin pulvinar pharetra enim, in pellentesque lacus dignissim vel. Donec pellentesque hendrerit odio lobortis dignissim. Duis nec ligula quis enim sollicitudin tempor. Praesent viverra nunc convallis, commodo velit id, porta quam. Pellentesque habitant morbi tristique senectus et netus et malesuada fames ac turpis egestas.",,,taxable,,1,,,0,0,,,,,1,,,20,"Sport, Walking",WooTour,,,,,,,,"778903, id:31",,,0,,,global,global,,,,,,30,TRUE,4 Days,Daily Tour,"Plane, Taxi",Min 3 Max 12,"<i class=""fa fa-ticket""></i> Sighseeing tickets",,,17,,15,,,,,,,,,,,,,,,,,layout-2,"<iframe title=""Hong Kong Vacation Travel Guide | Expedia"" width=""840"" height=""473"" src=""https://www.youtube.com/embed/72__Mdioty8?feature=oembed"" frameborder=""0"" allow=""accelerometer; autoplay; clipboard-write; encrypted-media; gyroscope; picture-in-picture"" allowfullscreen></iframe>",1660795927,10,6,5,10,9,9,9,9,6,8,7,9,9,9,,,,,,,,,,,,,,,,,,,,,,,,,,,,,,,,,,,,,,,,,,,,,,,,,,,,,,,,,,,,,,,,,,,,,,,,,,,,,,,,,,,,,,,,,,,,,,,,,,,,,,,,,,,,,,,,,,,,,,,,,,,,,,,,,,,,,,,,,,,,,,,,,,,,,,,,,,,,,,,,,,,,,,,,,,,,,,,,,,,,,,,,,,,,,,,,,,,,,,,,,,,,,,,,,,,
37,variable,778903,Bangkok-Pattaya 3 star hotel,1,1,visible,,"Pellentesque habitant morbi tristique senectus et netus et malesuada fames ac turpis egestas. Vestibulum tortor quam, feugiat vitae, ultricies eget, tempor sit amet, ante. Donec eu libero sit amet quam egestas semper. Aenean ultricies mi vitae est. Mauris placerat eleifend leo.
\n
\nDubbed as the most beautiful coastal city in Vietnam with a long coastline, beautiful beaches, unspoiled and poetic islands such as Binh Hung, Binh Ba, Hon Mun and Hon Tam together with diversified and various hotel and restaurant services from popular to the highest class such as Vinpearland Resort. Nha Trang is a suitable destination for the entire family at any time of the year to rest, relax after long days of stressful work and study. Travel with Vietravel to explore this exciting journey.
\n
\nDubbed as the most beautiful coastal city in Vietnam with a long coastline, beautiful beaches, unspoiled and poetic islands such as Binh Hung, Binh Ba, Hon Mun and Hon Tam together with diversified and various hotel and restaurant services from popular to the highest class such as Vinpearland Resort. Nha Trang is a suitable destination for the entire family at any time of the year to rest, relax after long days of stressful work and study. Travel with Vietravel to explore this exciting journey.",,,taxable,,1,,,0,1,,,,,1,,,,"Hot, Sport, Walking",WooTour,,,,,,,,"id:34, id:31",,,0,,,global,global,,,,,,30,TRUE,4 Days,Daily Tour,"Plane, Taxi",Min 3 Max 12,"<i class=""fa fa-bus""></i> Transport ",,,OFF,,OFF,,,,tour,Select options:,"Option 1, Option 2, Option 3",1,0,100,300,100,300,,,1756339200,,,,,,,,10,,,,,,,,,,,Select level:,"Level 1, Level 2, Level 3",1,0,6718,6716,6718,6716,"13.7563309,100.501765",season,classic-editor,8,9,8,<strong>Day 4:</strong> Aenean ultricies mi vitae est.,"a:1:{i:0;a:4:{s:5:""_name"";s:22:""Special requirements ?"";s:5:""_type"";s:4:""text"";s:9:""_required"";s:3:""yes"";s:3:""_id"";s:17:""exwo-id8687569047"";}}",,,,,,,,,,,,,,,,,,,,,,,,,,,,,,,,,,,,,,,,,,,,,,,,,,,,,,,,,,,,,,,,,,,,,,,,,,,,,,,,,,,,,,,,,,,,,,,,,,,,,,,,,,,,,,,,,,,,,,,,,,,,,,,,,,,,,,,,,,,,,,,,,,,,,,,,,,,,,,,,,,,,,,,,,,,,,,,,,,,,,,,,,,,,,,,,,,,
102,simple,NYPDW,New York- Philadelphia - Washington,1,0,visible,Pellentesque habitant morbi tristique senectus et netus et malesuada fames ac turpis egestas.,"&nbsp;
\n
\nPellentesque habitant morbi tristique senectus et netus et malesuada fames ac turpis egestas. Vestibulum tortor quam, feugiat vitae, ultricies eget, tempor sit amet, ante. Donec eu libero sit amet quam egestas semper. Aenean ultricies mi vitae est. Mauris placerat eleifend leo.
\n
\n<img class=""alignnone wp-image-6612 size-full"" src=""http://exthemes.net/wootour/1683628567120/wp-content/uploads/2013/06/cherries-1477858_1280.jpg"" width=""1280"" height=""853"" />
\n
\nLorem ipsum dolor sit amet, consectetur adipiscing elit. Cras vulputate quam sapien, quis tempor est consectetur eget. Proin porttitor ultrices justo id varius. Aenean ac tortor id sem auctor tristique eu sed est. Morbi tincidunt nibh ex, non tincidunt diam viverra vel. Nam posuere arcu a eros rhoncus lobortis. Nulla facilisi. Duis dictum volutpat blandit. Phasellus id mattis nisl. Sed non sagittis orci, et feugiat neque. Pellentesque habitant morbi tristique senectus et netus et malesuada fames ac turpis egestas. Vivamus libero quam, scelerisque quis laoreet ac, sollicitudin dapibus ipsum. Integer ultricies sem dui, euismod mattis nibh euismod accumsan. Donec at pellentesque elit, eget interdum nibh. Praesent sed consequat tortor. Suspendisse sem tortor, molestie malesuada sollicitudin sit amet, imperdiet in ipsum.
\n
\nCurabitur nec purus sagittis, posuere ex ac, molestie sapien. Cras pretium dictum ornare. Nam suscipit mauris id felis condimentum laoreet. Nam non gravida quam, a posuere massa. Sed mollis sit amet eros et auctor. Vestibulum quis orci vel risus bibendum efficitur. Pellentesque velit nisi, congue eu lacinia vel, luctus tempus tellus. Phasellus aliquet velit arcu, et eleifend enim vestibulum ac. Aliquam nec ultrices enim, vitae varius mi. Quisque eu ex non odio ullamcorper posuere.",,,taxable,,1,,,0,0,,,,,1,,,30,"Cruises, Sport",WooTour,,,,,,,,id:22,,,0,,,,,,,,,,60,TRUE,7 Days,Weekly Tour,"Plane, Boat, Bus",Min 20 Max 40,"<i class=""fa fa-bus""></i> Transport ",,15,10,10,5,,layout-2,,def,color,"Black, Blue",0,1,30,35,35,35,30,30,,,,,,,,,,,,,,,,,,,,,,,,,,,,,,classic-editor,,,,,,1590969600,Children (3 - 11 year old),Infant (under the age of 3),,,,,,,,,,,,,,,,,,,,,,,,,,,,,,,,,,,,,,,,,,,,,,,,,,,,,,,,,,,,,,,,,,,,,,,,,,,,,,,,,,,,,,,,,,,,,,,,,,,,,,,,,,,,,,,,,,,,,,,,,,,,,,,,,,,,,,,,,,,,,,,,,,,,,,,,,,,,,,,,,,,,,,,,,,,,,,,,,,,,,,,,,,,,,,,,
103,simple,,Abu Dhabi- Dubai- Hotel 4*,1,1,visible,Pellentesque habitant morbi tristique senectus et netus et malesuada,"<strong>Pellentesque habitant</strong> morbi tristique senectus et netus et malesuada fames ac turpis egestas. Vestibulum tortor quam, feugiat vitae, ultricies eget, tempor sit amet, ante. <em>Donec eu libero</em> sit amet quam egestas semper. Aenean ultricies mi vitae est. <del>Mauris placerat eleifend leo.</del>
\n
\nLorem ipsum dolor sit amet, consectetur adipiscing elit. Pellentesque tempor ligula eget fringilla eleifend. Nam porttitor convallis sapien, tincidunt ullamcorper nisl vehicula et. Etiam fringilla nulla sit amet facilisis tristique. Nulla pharetra libero sed tortor dignissim, non placerat nisl ullamcorper. Donec tincidunt convallis tempus. Phasellus eleifend leo est, sit amet posuere erat gravida in. Sed ullamcorper, arcu sit amet bibendum molestie, erat justo pharetra libero, in sollicitudin lectus velit ut nulla. Sed id metus quis ex condimentum molestie vitae nec lorem. Integer sodales, mauris quis feugiat luctus, quam odio varius felis, vitae sagittis nibh augue vitae nunc. Mauris bibendum nunc in velit suscipit, ac laoreet eros pulvinar. Ut elementum, ex vel tincidunt iaculis, arcu tortor convallis risus, et molestie urna nulla eu ex.
\n
\n<img class=""alignnone wp-image-6610 size-full"" src=""http://exthemes.net/wootour/1683628567120/wp-content/uploads/2013/06/apple-1394396_1280.jpg"" width=""1280"" height=""854"" />
\nVivamus vel vulputate sapien. Pellentesque congue aliquet rhoncus. Nam iaculis, libero quis bibendum consectetur, elit lacus tempus metus, non mollis tellus nibh a ante. Mauris posuere diam a felis feugiat convallis. Suspendisse ut imperdiet felis. Donec quam nisl, porta vitae tempor eget, maximus sit amet ipsum. Praesent tincidunt leo vel elit porttitor lobortis. Nunc nisi enim, gravida non condimentum id, commodo non magna. Nam scelerisque nulla felis, vel finibus est eleifend sed.
\n
\nSed sollicitudin dolor id nulla tristique, id pharetra urna dignissim. Nunc massa dui, blandit nec tincidunt quis, tempus at nibh. Vivamus sagittis eros nec consequat eleifend. Suspendisse id urna aliquet, egestas ipsum vel, consectetur leo. Maecenas non nisl lorem. Morbi nec lectus ut dolor rutrum bibendum. Sed molestie sagittis leo vitae gravida. Donec tincidunt velit dui, id sagittis nisl rhoncus ac. Suspendisse et urna quam. Nullam scelerisque mauris non purus vehicula cursus. Sed rutrum euismod nisl, ac imperdiet libero faucibus eu. Pellentesque suscipit pulvinar nibh porttitor volutpat. Nam eget sapien sed ipsum venenatis commodo non vitae mauris.
\n<strong>Aliquam id leo arcu. Sed in ultrices lacus, non molestie quam. Fusce aliquet urna quis malesuada scelerisque.</strong>",,,taxable,,1,,,0,0,,,,,1,,,35,"Cruises, Sport",,,,,,,,,,,,0,,,two,global,,,,,,30,TRUE,5 Days,Weekly Tour,"Plane, Boat, Taxi",Min 15 Max 35,"<i class=""fa fa-bullhorn""></i> Guides",,10,20,10,OFF,,,,tour,Lorem ipsum dolor,"Sed sollicitudin dolor id nulla tristique\, id pharetra urna dignissim. Nunc massa dui\, blandit nec tincidunt quis\, tempus at nibh.",1,0,,,,,,,,,,,,,,,10,,,,,,,,,,,,,,,,,,,,,classic-editor,,,,,"a:1:{i:0;a:4:{s:5:""_name"";s:5:""Extra"";s:9:""_required"";s:3:""yes"";s:8:""_options"";a:3:{i:0;a:4:{s:5:""image"";s:70:""https://exthemes.net/woocommerce-food/wp-content/uploads/2019/12/5.png"";s:4:""name"";s:7:""Extra 1"";s:5:""price"";s:1:""2"";s:4:""type"";s:5:""fixed"";}i:1;a:4:{s:5:""image"";s:70:""https://exthemes.net/woocommerce-food/wp-content/uploads/2019/12/1.png"";s:4:""name"";s:7:""Extra 2"";s:5:""price"";s:1:""2"";s:4:""type"";s:5:""fixed"";}i:2;a:4:{s:5:""image"";s:70:""https://exthemes.net/woocommerce-food/wp-content/uploads/2019/12/3.png"";s:4:""name"";s:7:""Extra 3"";s:5:""price"";s:1:""2"";s:4:""type"";s:5:""fixed"";}}s:3:""_id"";s:17:""exwo-id3400722274"";}}",,,,11,0,0,0,8,11,9,7,11,10,11,13,11,11,8,11,14,11,13,10,8,14,11,11,11,11,11,10,11,11,12,7,10,12,10,11,11,11,10,11,11,11,11,10,9,10,11,10,9,10,10,11,11,11,11,11,9,13,13,8,11,4,11,9,8,10,10,9,10,11,9,11,11,10,10,0,0,11,10,10,9,11,11,11,10,11,11,0,1,8,11,11,11,9,9,,,,,,,,,,,,,,,,,,,,,,,,,,,,,,,,,,,,,,,,,,,,,,,,,,,,,,,,,,,,,,,,,,,,,,,,,,,,,,,,,,,,,,,,,,,,,,,,,
6594,external,,External /Affiliate /Custom link,1,0,visible,"Pellentesque habitant morbi tristique senectus et netus et malesuada fames ac turpis egestas. Vestibulum tortor quam, feugiat vitae, ultricies eget, tempor sit amet, ante. Donec eu libero sit amet quam egestas semper. Aenean ultricies mi vitae est. Mauris placerat eleifend leo.","<strong><img class=""alignnone wp-image-6595 size-full"" src=""http://exthemes.net/wootour/1683628567120/wp-content/uploads/2017/01/9-birds-flying-along-the-ocean-shoreline-picjumbo-com.jpg"" width=""1800"" height=""1200"" />Pellentesque habitant</strong> morbi tristique senectus et netus et malesuada fames ac turpis egestas. Vestibulum tortor quam, feugiat vitae, ultricies eget, tempor sit amet, ante. <em>Donec eu libero</em> sit amet quam egestas semper. Aenean ultricies mi vitae est. <del>Mauris placerat eleifend leo.</del>
\n
\n<img class=""alignnone wp-image-6596 size-full"" src=""http://exthemes.net/wootour/1683628567120/wp-content/uploads/2017/01/adrspach-teplice-rocks-and-lake-panorama-picjumbo-com.png"" width=""1938"" height=""1292"" />
\n
\nLorem ipsum dolor sit amet, consectetur adipiscing elit. Pellentesque tempor ligula eget fringilla eleifend. Nam porttitor convallis sapien, tincidunt ullamcorper nisl vehicula et. Etiam fringilla nulla sit amet facilisis tristique. Nulla pharetra libero sed tortor dignissim, non placerat nisl ullamcorper. Donec tincidunt convallis tempus. Phasellus eleifend leo est, sit amet posuere erat gravida in. Sed ullamcorper, arcu sit amet bibendum molestie, erat justo pharetra libero, in sollicitudin lectus velit ut nulla. Sed id metus quis ex condimentum molestie vitae nec lorem. Integer sodales, mauris quis feugiat luctus, quam odio varius felis, vitae sagittis nibh augue vitae nunc. Mauris bibendum nunc in velit suscipit, ac laoreet eros pulvinar. Ut elementum, ex vel tincidunt iaculis, arcu tortor convallis risus, et molestie urna nulla eu ex.
\n
\nVivamus vel vulputate sapien. Pellentesque congue aliquet rhoncus. Nam iaculis, libero quis bibendum consectetur, elit lacus tempus metus, non mollis tellus nibh a ante. Mauris posuere diam a felis feugiat convallis. Suspendisse ut imperdiet felis. Donec quam nisl, porta vitae tempor eget, maximus sit amet ipsum. Praesent tincidunt leo vel elit porttitor lobortis. Nunc nisi enim, gravida non condimentum id, commodo non magna. Nam scelerisque nulla felis, vel finibus est eleifend sed.
\n
\nSed sollicitudin dolor id nulla tristique, id pharetra urna dignissim. Nunc massa dui, blandit nec tincidunt quis, tempus at nibh. Vivamus sagittis eros nec consequat eleifend. Suspendisse id urna aliquet, egestas ipsum vel, consectetur leo. Maecenas non nisl lorem. Morbi nec lectus ut dolor rutrum bibendum. Sed molestie sagittis leo vitae gravida. Donec tincidunt velit dui, id sagittis nisl rhoncus ac. Suspendisse et urna quam. Nullam scelerisque mauris non purus vehicula cursus. Sed rutrum euismod nisl, ac imperdiet libero faucibus eu. Pellentesque suscipit pulvinar nibh porttitor volutpat. Nam eget sapien sed ipsum venenatis commodo non vitae mauris.
\n<strong>Aliquam id leo arcu. Sed in ultrices lacus, non molestie quam. Fusce aliquet urna quis malesuada scelerisque.</strong>",,,taxable,,1,,,0,0,,,,,0,,300,350,"Cruises, Sport",WooTour,,,,,,,,,https://exthemes.net/wootour/1683628567120/contact-us/,Enquire now,0,,,,,,,,,,30,FALSE,5 Days,Weekly Tour,"Plane, Boat, Taxi",Min 15 Max 35,"<i class=""fa fa-bullhorn""></i> Guides",,,,,,,,,tour,,,,,,,,,,,,,,,,,,,,,,,,,,,,,,,,,,,,,,,,,,,,,,,,,,,,,,,,,,,,,,,,,,,,,,,,,,,,,,,,,,,,,,,,,,,,,,,,,,,,,,,,,,,,,,,,,,,,,,,,,,,,,,,,,,,,,,,,,,,,,,,,,,,,,,,,,,,,,,,,,,,,,,,,,,,,,,,,,,,,,,,,,,,,,,,,,,,,,,,,,,,,,,,,,,,,,,,,,,,,,,,,,,,,,,,,,,,,,,,,
6716,variation,,Bangkok-Pattaya 3 star hotel,1,0,visible,,,,,taxable,parent,1,,,0,1,,,,,0,,,300,,,,,,,778903,,,"id:34, id:31",,,1,,,,,,,,,,,,,,,,,,,,,,,,,,Select options:,Option 1,,0,,,,,,,,,,,,,,,,,,,,,,,,,,Select level:,,,0,,,,,,,,,,,,,,,,,,,,,,,,,,,,,,,,,,,,,,,,,,,,,,,,,,,,,,,,,,,,,,,,,,,,,,,,,,,,,,,,,,,,,,,,,,,,,,,,,,,,,,,,,,,,,,,200,OFF,,,OFF,,,,,,,,,,,,,,,,,,,,,,,,,,,,,,,,,,,,,,,,,,,,,,,,,,,,,,,,,,,,,,,,,,,,,,,,,,,,,,,,,,,,,,,,,,,,
6717,"variation, downloadable, virtual",,Bangkok-Pattaya 3 star hotel,1,0,visible,,,,,taxable,parent,1,,,0,1,,,,,0,,,200,,,,,1,-1,778903,,,"id:34, id:31",,,5,,,,,,,,,,,,,,,,,,,,,,,,,,Select options:,Option 2,,0,,,,,,,,,,,,,,,,,,,,,,,,,,Select level:,,,0,,,,,,,,,,,,,,,,,,,,,,,,,,,,,,,,,,,,,,,,,,,,,,,,,,,,,,,,,,,,,,,,,,,,,,,,,,,,,,,,,,,,,,,,,,,,,,,,,,,,,,,,,,,,,,,OFF,,100,50,,,,,0d117f89efa90ec477d2cde291668c77,test,http://exthemes.net/wootour/1683628567120/wp-content/uploads/2017/08/feature-list.png,,,,,,,,,,,,,,,,,,,,,,,,,,,,,,,,,,,,,,,,,,,,,,,,,,,,,,,,,,,,,,,,,,,,,,,,,,,,,,,,,,,,,,
6718,variation,,Bangkok-Pattaya 3 star hotel,1,0,visible,,,,,taxable,parent,1,,,0,1,,,,,0,,,100,,,,,,,778903,,,"id:34, id:31",,,6,,,,,,,,,,,,,,,,,,,,,,,,,,Select options:,Option 3,,0,,,,,,,,,,,,,,,,,,,,,,,,,,Select level:,,,0,,,,,,,,,,,,,,,,,,,,,,,,,,,,,,,,,,,,,,,,,,,,,,,,,,,,,,,,,,,,,,,,,,,,,,,,,,,,,,,,,,,,,,,,,,,,,,,,,,,,,,,,,,,,,,,50,10,25,,,,,,,,,,,,,,,,,,,,,,,,,,,,,,,,,,,,,,,,,,,,,,,,,,,,,,,,,,,,,,,,,,,,,,,,,,,,,,,,,,,,,,,,,,,,,,
6722,simple,,Pellentesque habitant morbi,1,0,visible,Pellentesque habitant morbi tristique senectus et netus et malesuada fames ac turpis egestas.,"Pellentesque habitant morbi tristique senectus et netus et malesuada fames ac turpis egestas. Vestibulum tortor quam, feugiat vitae, ultricies eget, tempor sit amet, ante. Donec eu libero sit amet quam egestas semper. Aenean ultricies mi vitae est. Mauris placerat eleifend leo.
\n
\n&nbsp;
\n
\n<img class=""alignnone wp-image-6599 size-full"" src=""http://exthemes.net/wootour/1683628567120/wp-content/uploads/2017/01/bee-working-on-white-clover-flower-close-up-picjumbo-com.jpg"" alt="""" width=""1600"" height=""1067"" />
\n
\nLorem ipsum dolor sit amet, consectetur adipiscing elit. Duis placerat justo enim, id tristique mauris tincidunt vel. Vestibulum non velit quam. Praesent pellentesque vehicula enim id iaculis. Aenean non enim vel orci posuere fringilla sed at felis. Pellentesque felis dui, interdum quis suscipit a, dapibus a erat. Nunc eget volutpat tellus, id molestie velit. Donec hendrerit tempor auctor. Aliquam at justo nulla. Praesent porttitor sagittis sapien ac tempus.
\n
\nInteger luctus arcu vel erat vestibulum, vitae volutpat nulla tempus. Praesent vel ultrices quam, ac tincidunt ex. Aenean sed pellentesque eros. Nulla in ornare sapien. Mauris vel tempus ante. Nam gravida, libero nec pharetra tincidunt, ligula purus facilisis diam, nec scelerisque felis sem a mi. Aliquam id pulvinar est, eu varius erat. Praesent interdum tincidunt ipsum, id viverra justo varius sed. Pellentesque tempus augue at enim dignissim varius. Nullam eleifend pretium ligula pretium ornare. Nam in libero ut diam eleifend eleifend. Mauris quis nisl faucibus, ullamcorper lacus et, tincidunt lectus.
\n
\nEtiam elementum risus non magna viverra, sit amet sagittis ligula placerat. Integer volutpat faucibus ullamcorper. Mauris vel convallis magna. Vestibulum aliquam odio in nisi tristique, a convallis elit fringilla. Phasellus nec arcu rutrum, rutrum arcu vel, sagittis nibh. Aenean condimentum mauris eu massa aliquam viverra a vestibulum mi. Maecenas varius vulputate ex, vel vehicula ligula faucibus porta. Nullam vel tincidunt magna. Etiam magna purus, vulputate mattis elit et, mollis porttitor elit. Proin molestie et orci nec faucibus. Aliquam venenatis nibh cursus molestie placerat. Fusce consectetur diam in massa facilisis ullamcorper.
\n
\nAliquam nibh lacus, pharetra sit amet tellus id, tristique lobortis libero. Nunc at nibh consectetur, commodo urna sit amet, gravida enim. Mauris fermentum fermentum risus, et aliquam augue rhoncus in. Morbi eu lorem non eros vulputate posuere. Nam cursus tristique purus, nec ultricies tellus lacinia et. Vivamus condimentum bibendum ligula, quis ultrices quam tincidunt non. Fusce quis nisl vehicula, mattis dui eu, mollis risus. Phasellus accumsan faucibus nisl, ut efficitur tellus tincidunt ac. Aliquam venenatis dapibus arcu, vitae sollicitudin nisi condimentum ut. Nulla volutpat ex eget tellus ultricies posuere. Nunc consectetur viverra venenatis. Nulla facilisi. Integer suscipit laoreet augue quis sodales. Morbi hendrerit ac augue a auctor. Mauris dignissim et velit at gravida.
\n
\nAenean tristique, sem faucibus euismod rutrum, lectus magna imperdiet tellus, a tempus urna tellus sit amet velit. Vestibulum ac egestas enim, id vestibulum tortor. Cras mattis tristique dolor, eu aliquam mauris sagittis eu. Vestibulum in purus a odio laoreet laoreet in finibus lacus. Nullam imperdiet lacus vel lacus aliquet posuere. Vivamus a nibh quis urna hendrerit efficitur quis ut est. Vestibulum mi felis, tempor at mi et, tincidunt tempus lectus. In consequat ullamcorper congue.",,,taxable,,1,,,0,0,,,,,1,,,200,"Sport, Walking","Mauris, Tour, Travel, WooTour",,,,,,,,"id:34, 778903",,,0,,,global,global,,,,,,30,TRUE,2 Days,Daily Tour,"Plane, Taxi",Min 3 Max 12,"<i class=""fa fa-umbrella text-blue""></i> Insurance",,,,,,,,,woo,,,,,,,,,,,1761782400,,,,,90,,,5,,,,,,,,,,,,,,,,,,,,,,,,,,,,,,,,,,,,,,,,,,,,,,,,,,,,,,,,,,,,,,,,,,,,,,4,,,,,,,,,,,,,,,,,,,,,,,,,,,,,,,,,,,,,,,,,,,,,,,,1,,,,,,,,,,,,,,,,,,30,20,40,0,2,3,5,2,0,1,2,4,6,2,3,,,,,,,,,,,,,,,,,,,,,,,,,,,,,,,,,,,,,,,,,,,,,,,,,,,,,,,,,,,,,,,,,,,,,,,
6887,simple,,Pellentesque habitant,1,0,visible,"Pellentesque habitant morbi tristique senectus et netus et malesuada fames ac turpis egestas. Vestibulum tortor quam, feugiat vitae, ultricies eget, tempor sit amet, ante. Donec eu libero sit amet quam egestas semper. Aenean ultricies mi vitae est. Mauris placerat eleifend leo.","Pellentesque habitant morbi tristique senectus et netus et malesuada fames ac turpis egestas. Vestibulum tortor quam, feugiat vitae, ultricies eget, tempor sit amet, ante. Donec eu libero sit amet quam egestas semper. Aenean ultricies mi vitae est. Mauris placerat eleifend leo.",,,taxable,,1,,,0,0,,,,,1,,,999,"Sport, Walking","Tour, Tour plugin, Travel",,,,,,,,"id:34, 778903",,,0,,,global,global,,,,,,30,TRUE,2 Days,Daily Tour,"Plane, Taxi",Min 3 Max 12,"<i class=""fa fa-ticket text-blue""></i> Sighseeing tickets",,,,,,,,,def,Lorem ipsum,"Maecenas tempus pellentesque nibh ut iaculis. Sed suscipit in augue at cursus. Donec vel neque sed metus cursus molestie. Donec elementum\, tellus sit amet euismod faucibus\, libero dui dapibus lectus\, quis ullamcorper odio arcu eu felis. In eu porttitor tellus. Sed finibus lacinia felis\, semper luctus sem bibendum id",1,0,,,,,,,,,,,,,,,40,,,,,,,,,,,,,,,,,,,,,,,,,,,,,,,,,,,,,8,,,,,,,,35,,,,,,,,,,,,,,,,,,,,,,,,,,,,,,,,,,,,,,,,,,,,,,,,,,,,,,,,,,,,,,,,,,,,,,,,,,,,,,,,,,,,,,,,,,,,,,,,,,,,,,,,,,0,4,39,41,40,39,38,39,39,41,1520208000,,,,,,,,,,,,,,,,,,,,,,,,,,,,,,,,,,,,,,,,,,,,,,,,,,,,,,,,,,,,
7710,variation,,,1,0,visible,,,,,taxable,,1,,,0,0,,,,,0,,,100,,,,,,,,,,,,,0,,,,,,,,,,,,,,,,,,,,,,,,,,,,,,,,,,,,,,,,,,,,,,,,,,,,,,,,,,,,,,,,,,,,,,,,,,,,,,,,,,,,,,,,,,,,,,,,,,,,,,,,,,,,,,,,,,,,,,,,,,,,,,,,,,,,,,,,,,,,,,,,,,,,,,,,,,,,,,,,,,,,,,,,,80,60,,,,,,,,,,,,,,,,,,,,,,,,,,,,,,,,,,,,,,,,,,,,,,,,,,,,,,,,,,,,,,,,,,,,,,,,,,,,,,,,,,,,,,,,,,,,,,,
7712,variation,,,1,0,visible,,,,,taxable,,1,,,0,0,,,,,0,,,200,,,,,,,,,,,,,2,,,,,,,,,,,,,,,,,,,,,,,,,,,,,,,,,,,,,,,,,,,,,,,,,,,,,,,,,,,,,,,,,,,,,,,,,,,,,,,,,,,,,,,,,,,,,,,,,,,,,,,,,,,,,,,,,,,,,,,,,,,,,,,,,,,,,,,,,,,,,,,,,,,,,,,,,,,,,,,,,,,,,,,,,160,80,,,,,,,,,,,,,,,,,,,,,,,,,,,,,,,,,,,,,,,,,,,,,,,,,,,,,,,,,,,,,,,,,,,,,,,,,,,,,,,,,,,,,,,,,,,,,,,
8319,variation,,,1,0,visible,,,,,taxable,,1,,,0,0,,,,,0,,,,,,,,,,,,,,,,1,,,,,,,,,,,,,,,,,,,,,,,,,,,,,,,,,,,,,,,,,,,,,,,,,,,,,,,,,,,,,,,,,,,,,,,,,,,,,,,,,,,,,,,,,,,,,,,,,,,,,,,,,,,,,,,,,,,,,,,,,,,,,,,,,,,,,,,,,,,,,,,,,,,,,,,,,,,,,,,,,,,,,,,,,,,,,,,,,,,,,,,,,,,,,,,,,,,,,,,,,,,,,,,,,,,,,,,,,,,,,,,,,,,,,,,,,,,,,,,,,,,,,,,,,,,,,,,,,,,,,,,,,
8320,variation,,,1,0,visible,,,,,taxable,,1,,,0,0,,,,,0,,,,,,,,,,,,,,,,2,,,,,,,,,,,,,,,,,,,,,,,,,,,,,,,,,,,,,,,,,,,,,,,,,,,,,,,,,,,,,,,,,,,,,,,,,,,,,,,,,,,,,,,,,,,,,,,,,,,,,,,,,,,,,,,,,,,,,,,,,,,,,,,,,,,,,,,,,,,,,,,,,,,,,,,,,,,,,,,,,,,,,,,,,,,,,,,,,,,,,,,,,,,,,,,,,,,,,,,,,,,,,,,,,,,,,,,,,,,,,,,,,,,,,,,,,,,,,,,,,,,,,,,,,,,,,,,,,,,,,,,,,
8321,variation,,,1,0,visible,,,,,taxable,,1,,,0,0,,,,,0,,,,,,,,,,,,,,,,3,,,,,,,,,,,,,,,,,,,,,,,,,,,,,,,,,,,,,,,,,,,,,,,,,,,,,,,,,,,,,,,,,,,,,,,,,,,,,,,,,,,,,,,,,,,,,,,,,,,,,,,,,,,,,,,,,,,,,,,,,,,,,,,,,,,,,,,,,,,,,,,,,,,,,,,,,,,,,,,,,,,,,,,,,,,,,,,,,,,,,,,,,,,,,,,,,,,,,,,,,,,,,,,,,,,,,,,,,,,,,,,,,,,,,,,,,,,,,,,,,,,,,,,,,,,,,,,,,,,,,,,,,
8454,simple,,Abu Dhabi- Dubai- Hotel 5*,1,1,visible,"Pellentesque habitant morbi tristique senectus et netus et malesuada fames ac turpis egestas. Vestibulum tortor quam, feugiat vitae, ultricies eget, tempor sit amet, ante. Donec eu libero sit amet quam egestas semper. Aenean ultricies mi vitae est. Mauris placerat eleifend leo.","<img class=""alignnone wp-image-6602 size-full"" src=""http://exthemes.net/wootour/1683628567120/wp-content/uploads/2017/01/edwkbbvhvvk-xavier-nohet.jpg"" width=""1584"" height=""1056"" />
\n
\n<strong>Pellentesque habitant</strong> morbi tristique senectus et netus et malesuada fames ac turpis egestas. Vestibulum tortor quam, feugiat vitae, ultricies eget, tempor sit amet, ante. <em>Donec eu libero</em> sit amet quam egestas semper. Aenean ultricies mi vitae est. <del>Mauris placerat eleifend leo.</del>
\n
\n&nbsp;
\n
\nLorem ipsum dolor sit amet, consectetur adipiscing elit. Pellentesque tempor ligula eget fringilla eleifend. Nam porttitor convallis sapien, tincidunt ullamcorper nisl vehicula et. Etiam fringilla nulla sit amet facilisis tristique. Nulla pharetra libero sed tortor dignissim, non placerat nisl ullamcorper. Donec tincidunt convallis tempus. Phasellus eleifend leo est, sit amet posuere erat gravida in. Sed ullamcorper, arcu sit amet bibendum molestie, erat justo pharetra libero, in sollicitudin lectus velit ut nulla. Sed id metus quis ex condimentum molestie vitae nec lorem. Integer sodales, mauris quis feugiat luctus, quam odio varius felis, vitae sagittis nibh augue vitae nunc. Mauris bibendum nunc in velit suscipit, ac laoreet eros pulvinar. Ut elementum, ex vel tincidunt iaculis, arcu tortor convallis risus, et molestie urna nulla eu ex.
\n
\n<img class=""alignnone wp-image-6610 size-full"" src=""http://exthemes.net/wootour/1683628567120/wp-content/uploads/2013/06/apple-1394396_1280.jpg"" width=""1280"" height=""854"" />
\nVivamus vel vulputate sapien. Pellentesque congue aliquet rhoncus. Nam iaculis, libero quis bibendum consectetur, elit lacus tempus metus, non mollis tellus nibh a ante. Mauris posuere diam a felis feugiat convallis. Suspendisse ut imperdiet felis. Donec quam nisl, porta vitae tempor eget, maximus sit amet ipsum. Praesent tincidunt leo vel elit porttitor lobortis. Nunc nisi enim, gravida non condimentum id, commodo non magna. Nam scelerisque nulla felis, vel finibus est eleifend sed.
\n
\nSed sollicitudin dolor id nulla tristique, id pharetra urna dignissim. Nunc massa dui, blandit nec tincidunt quis, tempus at nibh. Vivamus sagittis eros nec consequat eleifend. Suspendisse id urna aliquet, egestas ipsum vel, consectetur leo. Maecenas non nisl lorem. Morbi nec lectus ut dolor rutrum bibendum. Sed molestie sagittis leo vitae gravida. Donec tincidunt velit dui, id sagittis nisl rhoncus ac. Suspendisse et urna quam. Nullam scelerisque mauris non purus vehicula cursus. Sed rutrum euismod nisl, ac imperdiet libero faucibus eu. Pellentesque suscipit pulvinar nibh porttitor volutpat. Nam eget sapien sed ipsum venenatis commodo non vitae mauris.
\n<strong>Aliquam id leo arcu. Sed in ultrices lacus, non molestie quam. Fusce aliquet urna quis malesuada scelerisque.</strong>",,,taxable,,1,,,0,0,,,,,1,,20,35,"Cruises, Sport",,,,,,,,,,,,0,,,two,global,,,,,11,30,TRUE,5 Days,Weekly Tour,"Plane, Boat, Taxi",Min 15 Max 35,"<i class=""fa fa-ticket""></i> Sighseeing tickets",4,9,20,5,15,,,,tour,Lorem ipsum dolor,"Sed sollicitudin dolor id nulla tristique, id pharetra urna dignissim. Nunc massa dui, blandit nec tincidunt quis, tempus at nibh.",1,0,,,,,,,,15,,,,10,,5,12,,,,,,,,,,,,,,,,,,,"35.6803997,139.769017",,,,,,<strong>Day 4:</strong> Aenean ultricies mi vitae est.,,1698883200,,,,,,,,,,,,,,,,,,,,,,,,,,,,,,,,,,,,,,,,,,,,,,,,,,,,,,,,,,,,,,,,,,,,,,,,,,,,,,,,,,,,,,,,,,,,,,,,,,,,,,,,,,,,,,,,,,,,,,,,,,,,,,,,,,,,,,1701043200,9,10,19,tokyo,3,4,0,5,5,1606348800,10,5,,,,,,,,,,,,,,,,,,,,,,,,,,,,,,,,,,,,,,,,,,,,,,,,
8455,simple,,Morbi tristique senectus et,1,0,visible,Pellentesque habitant morbi tristique senectus et netus et malesuada fames ac turpis egestas.,"<strong>Pellentesque habitant</strong> morbi tristique senectus et netus et malesuada fames ac turpis egestas. Vestibulum tortor quam, feugiat vitae, ultricies eget, tempor sit amet, ante. <em>Donec eu libero</em> sit amet quam egestas semper. Aenean ultricies mi vitae est. <del>Mauris placerat eleifend leo.</del>
\n
\n<img class=""alignnone wp-image-6596 size-full"" src=""http://exthemes.net/wootour/1683628567120/wp-content/uploads/2017/01/adrspach-teplice-rocks-and-lake-panorama-picjumbo-com.png"" width=""1938"" height=""1292"" />
\n
\nLorem ipsum dolor sit amet, consectetur adipiscing elit. Pellentesque tempor ligula eget fringilla eleifend. Nam porttitor convallis sapien, tincidunt ullamcorper nisl vehicula et. Etiam fringilla nulla sit amet facilisis tristique. Nulla pharetra libero sed tortor dignissim, non placerat nisl ullamcorper. Donec tincidunt convallis tempus. Phasellus eleifend leo est, sit amet posuere erat gravida in. Sed ullamcorper, arcu sit amet bibendum molestie, erat justo pharetra libero, in sollicitudin lectus velit ut nulla. Sed id metus quis ex condimentum molestie vitae nec lorem. Integer sodales, mauris quis feugiat luctus, quam odio varius felis, vitae sagittis nibh augue vitae nunc. Mauris bibendum nunc in velit suscipit, ac laoreet eros pulvinar. Ut elementum, ex vel tincidunt iaculis, arcu tortor convallis risus, et molestie urna nulla eu ex.
\n
\nVivamus vel vulputate sapien. Pellentesque congue aliquet rhoncus. Nam iaculis, libero quis bibendum consectetur, elit lacus tempus metus, non mollis tellus nibh a ante. Mauris posuere diam a felis feugiat convallis. Suspendisse ut imperdiet felis. Donec quam nisl, porta vitae tempor eget, maximus sit amet ipsum. Praesent tincidunt leo vel elit porttitor lobortis. Nunc nisi enim, gravida non condimentum id, commodo non magna. Nam scelerisque nulla felis, vel finibus est eleifend sed.
\n
\nSed sollicitudin dolor id nulla tristique, id pharetra urna dignissim. Nunc massa dui, blandit nec tincidunt quis, tempus at nibh. Vivamus sagittis eros nec consequat eleifend. Suspendisse id urna aliquet, egestas ipsum vel, consectetur leo. Maecenas non nisl lorem. Morbi nec lectus ut dolor rutrum bibendum. Sed molestie sagittis leo vitae gravida. Donec tincidunt velit dui, id sagittis nisl rhoncus ac. Suspendisse et urna quam. Nullam scelerisque mauris non purus vehicula cursus. Sed rutrum euismod nisl, ac imperdiet libero faucibus eu. Pellentesque suscipit pulvinar nibh porttitor volutpat. Nam eget sapien sed ipsum venenatis commodo non vitae mauris.
\n<strong>Aliquam id leo arcu. Sed in ultrices lacus, non molestie quam. Fusce aliquet urna quis malesuada scelerisque.</strong>",,,taxable,,1,,,0,0,,,,,0,,300,350,"Cruises, Sport",WooTour,,,,,,,,,,,0,,,,,,,,,13,30,TRUE,5 Days,Weekly Tour,"Plane, Boat, Taxi",Min 15 Max 35,"<i class=""fa fa-umbrella text-blue""></i> Insurance",,,200,,,,,,tour,,,,,,,,,,,,,,,,,,,,,,,,,,,,,,,,,,,,,,,season,,,,,,,,,,,,,,,,,,,,,,,,,,,,,,,,,,,,,,,,,,,,,,,,,,,,,,,,,,,,,,,,,,,,,,,,,,,,,,,,,,,,,,,,,,,,,,,,,,,,,,,,,,,,,,,,,,,,,,,,,,,,,,,,,,,,,,,,,,,,,,,,,,,,,,,,,,,,,https://codecanyon.net/item/wootour-woocommerce-travel-tour-and-appointment-booking/19404740?ref=ex-themes,,,,,,,,,,,,,,,,,,,,,,,,,,,,,,,,,,,,,,,,,,,,
8456,variation,,Bangkok-Pattaya 3 star hotel,1,0,visible,,,,,taxable,parent,1,,,0,1,,,,,0,,,300,,,,,,,778903,,,"id:34, id:31",,,3,,,,,,,,,,,,,,,,,,,,,,,,,,Select options:,Option 1,,0,,,,,,,,,,,,,,,,,,,,,,,,,,Select level:,,,0,,,,,,,,,,,,,,,,,,,,,,,,,,,,,,,,,,,,,,,,,,,,,,,,,,,,,,,,,,,,,,,,,,,,,,,,,,,,,,,,,,,,,,,,,,,,,,,,,,,,,,,,,,,,,,,200,100,,,,,,,,,,,,,,,,,,,,,,,,,,,,,,,,,,,,,,,,,,,,,,,,,,,,,,,,,,,,,,,,,,,,,,,,,,,,,,,,,,,,,,,,,,,,,,,
8457,"variation, downloadable, virtual",,Bangkok-Pattaya 3 star hotel,1,0,visible,,,,,taxable,parent,1,,,0,1,,,,,0,,,200,,,,,1,,778903,,,"id:34, id:31",,,4,,,,,,,,,,,,,,,,,,,,,,,,,,Select options:,Option 2,,0,,,,,,,,,,,,,,,,,,,,,,,,,,Select level:,,,0,,,,,,,,,,,,,,,,,,,,,,,,,,,,,,,,,,,,,,,,,,,,,,,,,,,,,,,,,,,,,,,,,,,,,,,,,,,,,,,,,,,,,,,,,,,,,,,,,,,,,,,,,,,,,,,OFF,,100,50,,,,,0d117f89efa90ec477d2cde291668c77,test,http://exthemes.net/wootour/1683628567120/wp-content/uploads/2017/08/feature-list.png,,,,,,,,,,,,,,,,,,,,,,,,,,,,,,,,,,,,,,,,,,,,,,,,,,,,,,,,,,,,,,,,,,,,,,,,,,,,,,,,,,,,,,
8458,variation,,Bangkok-Pattaya 3 star hotel,1,0,visible,,,,,taxable,parent,1,,,0,1,,,,,0,,,100,,,,,,,778903,,,"id:34, id:31",,,0,,,,,,,,,,,,,,,,,,,,,,,,,,Select options:,Option 3,,0,,,,,,,,,,,,,,,,,,,,,,,,,,Select level:,,,0,,,,,,,,,,,,,,,,,,,,,,,,,,,,,,,,,,,,,,,,,,,,,,,,,,,,,,,,,,,,,,,,,,,,,,,,,,,,,,,,,,,,,,,,,,,,,,,,,,,,,,,,,,,,,,,50,10,25,,100,,50,,,,,,,,,,,,,,,,,,,,,,,,,,,,,,,,,,,,,,,,,,,,,,,,,,,,,,,,,,,,,,,,,,,,,,,,,,,,,,,,,,,,,,,,,,
9150,variable,778903-1,London,1,1,visible,Pellentesque habitant morbi tristique senectus et netus et malesuada fames ac turpis egestas. Vestibulum,"[vc_row][vc_column][vc_column_text]Pellentesque habitant morbi tristique senectus et netus et malesuada fames ac turpis egestas. Vestibulum tortor quam, feugiat vitae, ultricies eget, tempor sit amet, ante. Donec eu libero sit amet quam egestas semper. Aenean ultricies mi vitae est. Mauris placerat eleifend leo.
\n
\nDubbed as the most beautiful coastal city in Vietnam with a long coastline, beautiful beaches, unspoiled and poetic islands such as Binh Hung, Binh Ba, Hon Mun and Hon Tam together with diversified and various hotel and restaurant services from popular to the highest class such as Vinpearland Resort. Nha Trang is a suitable destination for the entire family at any time of the year to rest, relax after long days of stressful work and study. Travel with Vietravel to explore this exciting journey.
\n
\nDubbed as the most beautiful coastal city in Vietnam with a long coastline, beautiful beaches, unspoiled and poetic islands such as Binh Hung, Binh Ba, Hon Mun and Hon Tam together with diversified and various hotel and restaurant services from popular to the highest class such as Vinpearland Resort. Nha Trang is a suitable destination for the entire family at any time of the year to rest, relax after long days of stressful work and study. Travel with Vietravel to explore this exciting journey.[/vc_column_text][/vc_column][/vc_row]",,,taxable,,1,,,0,1,,,,,1,,,,"Hot, Sport, Walking",WooTour,,,,,,,,"id:34, id:31",,,0,,,global,global,,,,,12,30,TRUE,4 Days,Daily Tour,"Plane, Taxi",Min 3 Max 12,"<i class=""fa fa-bus""></i> Transport ",,,0,,10,,,,tour,Select Time,"03:00, 07:00, 17:00",1,0,100,300,100,300,,,,,,,,,,,10,,,,,,,,,,,,,,,6718,6716,6718,6716,"51.507476, -0.127137",,,,,,,,,,,,,,,,,,,,,,,,,,,,,,,,,,,,,,,,,,,,,,,,,,,,,,,,,,,,,,,,,,,,,,,,,,,,,,,,,,,,,,,,,,,,,,,,,,,,,,,,,,,,,,,,,,,,,,,,,,,,,,,,,,,,,,,,,,,,,,,,,,"Sagrada Famlia, 08013 Barcelona, Spain",,,,,,1584057600,,,,,,,,200,50,100,47,48,49,95,99,8,7,9,6,,,,,,,,,,,,,,,,,,,,,,,,,,,,,,,
9151,variation,,London - 03:00,1,0,visible,,,,,taxable,parent,1,,,0,1,,,,,0,,,100,,,,,,,778903-1,,,"id:34, id:31",,,1,,,,,,,,,,,,,,,,,,,,,,,,,,Select Time,03:00,,0,,,,,,,,,,,,,,,,,,,,,,,,,,,,,,,,,,,,,,,,,,,,,,,,,,,,,,,,,,,,,,,,,,,,,,,,,,,,,,,,,,,,,,,,,,,,,,,,,,,,,,,,,,,,,,,,,,,,,,,,,,,,,,,,,,,,,,,,,,,,50,10,25,,100,,50,,,,,,,,,,,,,,,,,,,,,,,,,,,,,,,,,,,,,,,,,,,,,,,,,,,,,,,,,,,,,,,,,,,,,,,,,,,,,,,,,,,,,,,,,,
9152,variation,,London - 07:00,1,0,visible,,,,,taxable,parent,1,,,0,1,,,,,0,,,300,,,,,,,778903-1,,,"id:34, id:31",,,2,,,,,,,,,,,,,,,,,,,,,,,,,,Select Time,07:00,,0,,,,,,,,,,,,,,,,,,,,,,,,,,,,,,,,,,,,,,,,,,,,,,,,,,,,,,,,,,,,,,,,,,,,,,,,,,,,,,,,,,,,,,,,,,,,,,,,,,,,,,,,,,,,,,,,,,,,,,,,,,,,,,,,,,,,,,,,,,,,200,100,,,,,,,,,,,,,,,,,,,,,,,,,,,,,,,,,,,,,,,,,,,,,,,,,,,,,,,,,,,,,,,,,,,,,,,,,,,,,,,,,,,,,,,,,,,,,,,
9153,variation,,London - 17:00,1,0,visible,,,,,taxable,parent,1,,,0,1,,,,,0,,,500,,,,,,,778903-1,,,"id:34, id:31",,,2,,,,,,,,,,,,,,,,,,,,,,,,,,Select Time,17:00,,0,,,,,,,,,,,,,,,,,,,,,,,,,,,,,,,,,,,,,,,,,,,,,,,,,,,,,,,,,,,,,,,,,,,,,,,,,,,,,,,,,,,,,,,,,,,,,,,,,,,,,,,,,,,,,,,,,,,,,,,,,,,,,,,,,,,,,,,,,,,,200,100,,,,,,,,,,,,,,,,,,,,,,,,,,,,,,,,,,,,,,,,,,,,,,,,,,,,,,,,,,,,,,,,,,,,,,,,,,,,,,,,,,,,,,,,,,,,,,,
9208,variable,778903-1-1,Different time using same ticket,1,0,visible,,"Pellentesque habitant morbi tristique senectus et netus et malesuada fames ac turpis egestas. Vestibulum tortor quam, feugiat vitae, ultricies eget, tempor sit amet, ante. Donec eu libero sit amet quam egestas semper. Aenean ultricies mi vitae est. Mauris placerat eleifend leo.
\n
\nDubbed as the most beautiful coastal city in Vietnam with a long coastline, beautiful beaches, unspoiled and poetic islands such as Binh Hung, Binh Ba, Hon Mun and Hon Tam together with diversified and various hotel and restaurant services from popular to the highest class such as Vinpearland Resort. Nha Trang is a suitable destination for the entire family at any time of the year to rest, relax after long days of stressful work and study. Travel with Vietravel to explore this exciting journey.
\n
\nDubbed as the most beautiful coastal city in Vietnam with a long coastline, beautiful beaches, unspoiled and poetic islands such as <strong>Binh Hung, Binh Ba, Hon Mun and Hon Tam</strong> together with diversified and various hotel and restaurant services from popular to the highest class such as Vinpearland Resort.<strong> Nha Trang</strong> is a suitable destination for the entire family at any time of the year to rest, relax after long days of stressful work and study. Travel with Vietravel to explore this exciting journey.",,,taxable,,1,,,0,1,,,,,1,,,,"Hot, Sport, Walking",WooTour,,,,,,,,"id:34, id:31",,,0,,,global,global,,,,,10,30,FALSE,4 Days,Daily Tour,"Plane, Taxi",Min 3 Max 12,"<i class=""fa fa-bus""></i> Transport ",,,0,,10,,,,tour,Select Time,"03:00, 07:00, 17:00",0,0,100,300,100,300,,,,,,,,,,,1,,,,,,,,,,,,,,,6718,6716,6718,6716,,,,,,,,,,,,,,,,,,,,,,,,,,,,,,,,,,,,,,,,,,,,,,,,,,,,,,,,,,,,,,,,,,,,,,,,,,,,,,,,,,,,,,,,,,,,,,,,,,,,,,,,,,,,,,,,,,,,,,,,,,,,,,,,,,,,,,,,,,,,,,,,,,,,,,,,,,,,,,,,,,,,,,,,,,,,,1,0,0,0,2,4,0,2,2,0,0,0,0,0,0,0,0,0,2,0,0,0,0,0,0,0,,,,,
9209,variation,,Different time using same ticket,1,0,visible,,,,,taxable,parent,1,,,0,1,,,,,0,,,100,,,,,,,778903-1-1,,,"id:34, id:31",,,1,,,,,,,,,,,,,,,,,,,,,,,,,,Select Time,,,0,,,,,,,,,,,,,,,,,,,,,,,,,,,,,,,,,,,,,,,,,,,,,,,,,,,,,,,,,,,,,,,,,,,,,,,,,,,,,,,,,,,,,,,,,,,,,,,,,,,,,,,,,,,,,,,,,,,,,,,,,,,,,,,,,,,,,,,,,,,,50,10,25,,100,,50,,,,,,,,,,,,,,,,,,,,,,,,,,,,,,,,,,,,,,,,,,,,,,,,,,,,,,,,,,,,,,,,,,,,,,,,,,,,,,,,,,,,,,,,,,
9230,variation,,,1,0,visible,,,,,taxable,parent,1,,,0,0,,,,,0,,,100,,,,,,,,,,,,,1,,,,,,,,,,,,,,,,,,,,,,,,,,,,,,,,,,,,,,,,,,,,,,,,,,,,,,,,,,,,,,,,,,,,,,,,,,,,,,,,,,,,,,,,,,,,,,,,,,,,,,,,,,,,,,,,,,,,,,,,,,,,,,,,,,,,,,,,,,,,,,,,,,,,,,,,,,,,,,,,,,,,,,,,,,,,,,,,,,,,,,,,,,,,,,,,,,,,,,,,,,,,,,,,,,,,,,,,,,,,,,,,,,,,,,,,,,,,,,,,,,,,,,,,,,,,,,,,,,,,,,,,,
9231,variation,,,1,0,visible,,,,,taxable,parent,1,,,0,0,,,,,0,,,100,,,,,,,,,,,,,2,,,,,,,,,,,,,,,,,,,,,,,,,,,,,,,,,,,,,,,,,,,,,,,,,,,,,,,,,,,,,,,,,,,,,,,,,,,,,,,,,,,,,,,,,,,,,,,,,,,,,,,,,,,,,,,,,,,,,,,,,,,,,,,,,,,,,,,,,,,,,,,,,,,,,,,,,,,,,,,,,,,,,,,,,,,,,,,,,,,,,,,,,,,,,,,,,,,,,,,,,,,,,,,,,,,,,,,,,,,,,,,,,,,,,,,,,,,,,,,,,,,,,,,,,,,,,,,,,,,,,,,,,
9671,variation,,,1,0,visible,,,,,taxable,parent,1,,,0,0,,,,,0,,,,,,,,,,,,,,,,0,,,,,,,,,,,,,,,,,,,,,,,,,,,,,,,,,,,,,,,,,,,,,,,,,,,,,,,,,,,,,,,,,,,,,,,,,,,,,,,,,,,,,,,,,,,,,,,,,,,,,,,,,,,,,,,,,,,,,,,,,,,,,,,,,,,,,,,,,,,,,,,,,,,,,,,,,,,,,,,,,,,,,,,,,,,,,,,,,,,,,,,,,,,,,,,,,,,,,,,,,,,,,,,,,,,,,,,,,,,,,,,,,,,,,,,,,,,,,,,,,,,,,,,,,,,,,,,,,,,,,,,,,
9875,variation,,,1,0,visible,,,,,taxable,parent,1,,,0,0,,,,,0,,,,,,,,,,,,,,,,0,,,,,,,,,,,,,,,,,,,,,,,,,,,,,,,,,,,,,,,,,,,,,,,,,,,,,,,,,,,,,,,,,,,,,,,,,,,,,,,,,,,,,,,,,,,,,,,,,,,,,,,,,,,,,,,,,,,,,,,,,,,,,,,,,,,,,,,,,,,,,,,,,,,,,,,,,,,,,,,,,,,,,,,,,,,,,,,,,,,,,,,,,,,,,,,,,,,,,,,,,,,,,,,,,,,,,,,,,,,,,,,,,,,,,,,,,,,,,,,,,,,,,,,,,,,,,,,,,,,,,,,,,
10063,variation,,,1,0,visible,,,,,taxable,parent,1,,,0,0,,,,,0,,,,,,,,,,,,,,,,0,,,,,,,,,,,,,,,,,,,,,,,,,,,,,,,,,,,,,,,,,,,,,,,,,,,,,,,,,,,,,,,,,,,,,,,,,,,,,,,,,,,,,,,,,,,,,,,,,,,,,,,,,,,,,,,,,,,,,,,,,,,,,,,,,,,,,,,,,,,,,,,,,,,,,,,,,,,,,,,,,,,,,,,,,,,,,,,,,,,,,,,,,,,,,,,,,,,,,,,,,,,,,,,,,,,,,,,,,,,,,,,,,,,,,,,,,,,,,,,,,,,,,,,,,,,,,,,,,,,,,,,,,
10271,variation,,,1,0,visible,,,,,taxable,parent,1,,,0,0,,,,,0,,,100,,,,,,,,,,,,,0,,,,,,,,,,,,,,,,,,,,,,,,,,,,,,,,,,,,,,,,,,,,,,,,,,,,,,,,,,,,,,,,,,,,,,,,,,,,,,,,,,,,,,,,,,,,,,,,,,,,,,,,,,,,,,,,,,,,,,,,,,,,,,,,,,,,,,,,,,,,,,,,,,,,,,,,,,,,,,,,,,,,,,,,,,,,,,,,,,,,,,,,,,,,,,,,,,,,,,,,,,,,,,,,,,,,,,,,,,,,,,,,,,,,,,,,,,,,,,,,,,,,,,,,,,,,,,,,,,,,,,,,,
10293,"variation, virtual",,,1,0,visible,,,,,taxable,parent,1,80,,0,0,,,,,0,,,300,,,,,,,,,,,,,1,,,,,,,,,,,,,,,,,,,,,,,,,,,,,,,,,,,,,,,,,,,,,,,,,,,,,,,,,,,,,,,,,,,,,,,,,,,,,,,,,,,,,,,,,,,,,,,,,,,,,,,,,,,,,,,,,,,,,,,,,,,,,,,,,,,,,,,,,,,,,,,,,,,,,,,,,,,,,,,,,,,,,,,,,200,,,,,,,,,,,,,,,,,,,,,,,,,,,,,,,,,,,,,,,,,,,,,,,,,,,,,,,,,,,,,,,,,,,,,,,,,,,,,,,,,,,,,,,,,,,,,,,,
10294,"variation, virtual",,,1,0,visible,,,,,taxable,parent,1,80,,0,0,,,,,0,,,300,,,,,,,,,,,,,2,,,,,,,,,,,,,,,,,,,,,,,,,,,,,,,,,,,,,,,,,,,,,,,,,,,,,,,,,,,,,,,,,,,,,,,,,,,,,,,,,,,,,,,,,,,,,,,,,,,,,,,,,,,,,,,,,,,,,,,,,,,,,,,,,,,,,,,,,,,,,,,,,,,,,,,,,,,,,,,,,,,,,,,,,200,,,,,,,,,,,,,,,,,,,,,,,,,,,,,,,,,,,,,,,,,,,,,,,,,,,,,,,,,,,,,,,,,,,,,,,,,,,,,,,,,,,,,,,,,,,,,,,,
10295,variation,,,1,0,visible,,,,,taxable,parent,1,80,,0,0,,,,,0,,,300,,,,,,,,,,,,,3,,,,,,,,,,,,,,,,,,,,,,,,,,,,,,,,,,,,,,,,,,,,,,,,,,,,,,,,,,,,,,,,,,,,,,,,,,,,,,,,,,,,,,,,,,,,,,,,,,,,,,,,,,,,,,,,,,,,,,,,,,,,,,,,,,,,,,,,,,,,,,,,,,,,,,,,,,,,,,,,,,,,,,,,,200,,,,,,,,,,,,,,,,,,,,,,,,,,,,,,,,,,,,,,,,,,,,,,,,,,,,,,,,,,,,,,,,,,,,,,,,,,,,,,,,,,,,,,,,,,,,,,,,
10296,variation,,,1,0,visible,,,,,taxable,parent,1,80,,0,0,,,,,0,,,300,,,,,,,,,,,,,4,,,,,,,,,,,,,,,,,,,,,,,,,,,,,,,,,,,,,,,,,,,,,,,,,,,,,,,,,,,,,,,,,,,,,,,,,,,,,,,,,,,,,,,,,,,,,,,,,,,,,,,,,,,,,,,,,,,,,,,,,,,,,,,,,,,,,,,,,,,,,,,,,,,,,,,,,,,,,,,,,,,,,,,,,200,,,,,,,,,,,,,,,,,,,,,,,,,,,,,,,,,,,,,,,,,,,,,,,,,,,,,,,,,,,,,,,,,,,,,,,,,,,,,,,,,,,,,,,,,,,,,,,,
11602,variation,,,1,0,visible,,,,,taxable,parent,1,,,0,0,,,,,0,,,,,,,,,,,,,,,,0,,,,,,,,,,,,,,,,,,,,,,,,,,,,,,,,,,,,,,,,,,,,,,,,,,,,,,,,,,,,,,,,,,,,,,,,,,,,,,,,,,,,,,,,,,,,,,,,,,,,,,,,,,,,,,,,,,,,,,,,,,,,,,,,,,,,,,,,,,,,,,,,,,,,,,,,,,,,,,,,,,,,,,,,,,,,,,,,,,,,,,,,,,,,,,,,,,,,,,,,,,,,,,,,,,,,,,,,,,,,,,,,,,,,,,,,,,,,,,,,,,,,,,,,,,,,,,,,,,,,,,,,,
12866,variation,,,1,0,visible,,,,,taxable,parent,1,,,0,0,,,,,0,,,,,,,,,,,,,,,,0,,,,,,,,,,,,,,,,,,,,,,,,,,,,,,,,,,,,,,,,,,,,,,,,,,,,,,,,,,,,,,,,,,,,,,,,,,,,,,,,,,,,,,,,,,,,,,,,,,,,,,,,,,,,,,,,,,,,,,,,,,,,,,,,,,,,,,,,,,,,,,,,,,,,,,,,,,,,,,,,,,,,,,,,,,,,,,,,,,,,,,,,,,,,,,,,,,,,,,,,,,,,,,,,,,,,,,,,,,,,,,,,,,,,,,,,,,,,,,,,,,,,,,,,,,,,,,,,,,,,,,,,,
13288,variable,778903-1-1-1,Variable product,1,1,visible,,"Pellentesque habitant morbi tristique senectus et netus et malesuada fames ac turpis egestas. Vestibulum tortor quam, feugiat vitae, ultricies eget, tempor sit amet, ante. Donec eu libero sit amet quam egestas semper. Aenean ultricies mi vitae est. Mauris placerat eleifend leo.
\n
\nDubbed as the most beautiful coastal city in Vietnam with a long coastline, beautiful beaches, unspoiled and poetic islands such as Binh Hung, Binh Ba, Hon Mun and Hon Tam together with diversified and various hotel and restaurant services from popular to the highest class such as Vinpearland Resort. Nha Trang is a suitable destination for the entire family at any time of the year to rest, relax after long days of stressful work and study. Travel with Vietravel to explore this exciting journey.
\n
\nDubbed as the most beautiful coastal city in Vietnam with a long coastline, beautiful beaches, unspoiled and poetic islands such as <strong>Binh Hung, Binh Ba, Hon Mun and Hon Tam</strong> together with diversified and various hotel and restaurant services from popular to the highest class such as Vinpearland Resort.<strong> Nha Trang</strong> is a suitable destination for the entire family at any time of the year to rest, relax after long days of stressful work and study. Travel with Vietravel to explore this exciting journey.",,,taxable,,1,,,0,1,,,,,1,,,,"Hot, Sport, Walking",WooTour,,,,,,,,"id:34, id:31",,,0,,,global,global,,,,,10,30,TRUE,4 Days,Daily Tour,"Plane, Taxi",Min 3 Max 12,"<i class=""fa fa-bus""></i> Transport ",,,0,,10,,,,tour,Extra service,"No, Yes",0,0,100,300,100,300,,,,,,,,,,,10,,,,,,,,,,,,,,,6718,6716,6718,6716,,,,,,,,,,,,,,,,,,,,,,,,,,,,,,,,,,,,,,,,,,,,,,,,,,,,,,,,,,,,,,,,,,,,,,,,,,,,,,,,,,,,,,,,,,,,,,,,,,,,,,,,,,,,,,,,,,,,,,,,,,,,,,,,,,,,,,,,,,,,,,,,,,,,,,,,,,,,,,,,,,,,,,,,,,,,,1,,,,,,,,,,,,,,,,,,,,,,,,,,7,8,8,,
13289,variation,,Variable product - No,1,0,visible,,,,,taxable,parent,1,,,0,1,,,,,0,,,100,,,,,,,778903-1-1-1,,,"id:34, id:31",,,1,,,,,,,,,,,,,,,,,,,,,,,,,,Extra service,No,,0,,,,,,,,,,,,,,,,,,,,,,,,,,,,,,,,,,,,,,,,,,,,,,,,,,,,,,,,,,,,,,,,,,,,,,,,,,,,,,,,,,,,,,,,,,,,,,,,,,,,,,,,,,,,,,,,,,,,,,,,,,,,,,,,,,,,,,,,,,,,50,10,25,,100,,50,,,,,,,,,,,,,,,,,,,,,,,,,,,,,,,,,,,,,,,,,,,,,,,,,,,,,,,,,,,,,,,,,,,,,,,,,,,,,,,,,,,,,,,,,,
13290,variation,,Variable product - Yes,1,0,visible,,,,,taxable,parent,1,,,0,1,,,,,0,,,150,,,,,,,778903-1-1-1,,,"id:34, id:31",,,2,,,,,,,,,,,,,,,,,,,,,,,,,,Extra service,Yes,,0,,,,,,,,,,,,,,,,,,,,,,,,,,,,,,,,,,,,,,,,,,,,,,,,,,,,,,,,,,,,,,,,,,,,,,,,,,,,,,,,,,,,,,,,,,,,,,,,,,,,,,,,,,,,,,,,,,,,,,,,,,,,,,,,,,,,,,,,,,,,120,100,,,,,,,,,,,,,,,,,,,,,,,,,,,,,,,,,,,,,,,,,,,,,,,,,,,,,,,,,,,,,,,,,,,,,,,,,,,,,,,,,,,,,,,,,,,,,,,
13462,variation,,,1,0,visible,,,,,taxable,parent,1,,,0,0,,,,,0,,,,,,,,,,,,,,,,0,,,,,,,,,,,,,,,,,,,,,,,,,,,,,,,,,,,,,,,,,,,,,,,,,,,,,,,,,,,,,,,,,,,,,,,,,,,,,,,,,,,,,,,,,,,,,,,,,,,,,,,,,,,,,,,,,,,,,,,,,,,,,,,,,,,,,,,,,,,,,,,,,,,,,,,,,,,,,,,,,,,,,,,,,,,,,,,,,,,,,,,,,,,,,,,,,,,,,,,,,,,,,,,,,,,,,,,,,,,,,,,,,,,,,,,,,,,,,,,,,,,,,,,,,,,,,,,,,,,,,,,,,
13463,variation,,,1,0,visible,,,,,taxable,parent,1,,,0,0,,,,,0,,,,,,,,,,,,,,,,0,,,,,,,,,,,,,,,,,,,,,,,,,,,,,,,,,,,,,,,,,,,,,,,,,,,,,,,,,,,,,,,,,,,,,,,,,,,,,,,,,,,,,,,,,,,,,,,,,,,,,,,,,,,,,,,,,,,,,,,,,,,,,,,,,,,,,,,,,,,,,,,,,,,,,,,,,,,,,,,,,,,,,,,,,,,,,,,,,,,,,,,,,,,,,,,,,,,,,,,,,,,,,,,,,,,,,,,,,,,,,,,,,,,,,,,,,,,,,,,,,,,,,,,,,,,,,,,,,,,,,,,,,
13464,variation,,,1,0,visible,,,,,taxable,parent,1,,,0,0,,,,,0,,,,,,,,,,,,,,,,0,,,,,,,,,,,,,,,,,,,,,,,,,,,,,,,,,,,,,,,,,,,,,,,,,,,,,,,,,,,,,,,,,,,,,,,,,,,,,,,,,,,,,,,,,,,,,,,,,,,,,,,,,,,,,,,,,,,,,,,,,,,,,,,,,,,,,,,,,,,,,,,,,,,,,,,,,,,,,,,,,,,,,,,,,,,,,,,,,,,,,,,,,,,,,,,,,,,,,,,,,,,,,,,,,,,,,,,,,,,,,,,,,,,,,,,,,,,,,,,,,,,,,,,,,,,,,,,,,,,,,,,,,
13715,variation,,,1,0,visible,,,,,taxable,parent,1,,,0,0,,,,,0,,,,,,,,,,,,,,,,1,,,,,,,,,,,,,,,,,,,,,,,,,,,,,,,,,,,,,,,,,,,,,,,,,,,,,,,,,,,,,,,,,,,,,,,,,,,,,,,,,,,,,,,,,,,,,,,,,,,,,,,,,,,,,,,,,,,,,,,,,,,,,,,,,,,,,,,,,,,,,,,,,,,,,,,,,,,,,,,,,,,,,,,,,,,,,,,,,,,,,,,,,,,,,,,,,,,,,,,,,,,,,,,,,,,,,,,,,,,,,,,,,,,,,,,,,,,,,,,,,,,,,,,,,,,,,,,,,,,,,,,,,
13716,variation,,,1,0,visible,,,,,taxable,parent,1,,,0,0,,,,,0,,,,,,,,,,,,,,,,2,,,,,,,,,,,,,,,,,,,,,,,,,,,,,,,,,,,,,,,,,,,,,,,,,,,,,,,,,,,,,,,,,,,,,,,,,,,,,,,,,,,,,,,,,,,,,,,,,,,,,,,,,,,,,,,,,,,,,,,,,,,,,,,,,,,,,,,,,,,,,,,,,,,,,,,,,,,,,,,,,,,,,,,,,,,,,,,,,,,,,,,,,,,,,,,,,,,,,,,,,,,,,,,,,,,,,,,,,,,,,,,,,,,,,,,,,,,,,,,,,,,,,,,,,,,,,,,,,,,,,,,,,
13928,simple,,T-shirt,1,0,visible,"Mauris bibendum nunc in velit suscipit, ac laoreet eros pulvinar. Ut elementum","This is an example of normal product
\n
\nPellentesque habitant morbi tristique senectus et netus et malesuada fames ac turpis egestas. Vestibulum tortor quam, feugiat vitae, ultricies eget, tempor sit amet, ante. Donec eu libero sit amet quam egestas semper. Aenean ultricies mi vitae est. Mauris placerat eleifend leo.",,,taxable,,1,,,0,0,,,,,1,,,39,Cruises,,,,,,,,,,,,0,,,,,,,,,,,,,,,,,,,,,,,,,woo,,,,,,,,,,,,,,,,,,,,,,,,,,,,,,,,,,,,,,,,classic-editor,,,,,"a:2:{i:0;a:14:{s:5:""_name"";s:5:""Extra"";s:5:""_type"";s:0:"""";s:9:""_required"";s:3:""yes"";s:7:""_min_op"";s:0:"""";s:7:""_max_op"";s:0:"""";s:8:""_enb_img"";s:0:"""";s:8:""_options"";a:3:{i:0;a:4:{s:5:""image"";s:70:""https://exthemes.net/woocommerce-food/wp-content/uploads/2019/12/5.png"";s:4:""name"";s:7:""Extra 1"";s:5:""price"";s:1:""2"";s:4:""type"";s:5:""fixed"";}i:1;a:4:{s:5:""image"";s:70:""https://exthemes.net/woocommerce-food/wp-content/uploads/2019/12/1.png"";s:4:""name"";s:7:""Extra 2"";s:5:""price"";s:1:""2"";s:4:""type"";s:5:""fixed"";}i:2;a:4:{s:5:""image"";s:70:""https://exthemes.net/woocommerce-food/wp-content/uploads/2019/12/3.png"";s:4:""name"";s:7:""Extra 3"";s:5:""price"";s:1:""2"";s:4:""type"";s:5:""fixed"";}}s:11:""_price_type"";s:0:"""";s:6:""_price"";s:0:"""";s:13:""_display_type"";s:0:"""";s:10:""_enb_logic"";b:0;s:11:""_con_tlogic"";s:0:"""";s:10:""_con_logic"";a:0:{}s:3:""_id"";s:17:""exwo-id5746616346"";}i:1;a:3:{s:5:""_name"";s:10:""Text Field"";s:5:""_type"";s:4:""text"";s:3:""_id"";s:16:""exwo-id427706517"";}}",,,,,,,,,,,,,,,,,,,,,,,,,,,,,,,,,,,,,,,,,,,,,,,,,,,,,,,,,,,,,,,,,,,,,,,,,,,,,,,,,,,,,,,,,,,,,,,,,,,,,,,,,,,,,,,,,,,,,,,,,,,,,,,,,,,,,,,,,,,,,,,,,,,,,,,,,,,,,,,,,,,,,,,,,,,,,,,,,,,,,,,,,,,,,,,,,,,